<?xml version="1.0"?>
<data grt_format="2.0">
  <value _ptr_="000002DAD7BD5D70" type="list" content-type="object" content-struct-name="db.mgmt.Connection">
    <value type="object" struct-name="db.mgmt.Connection" id="{C6338D1A-2A0E-4C3E-A136-7472A74EC33A}" struct-checksum="0x96ba47d8">
      <link type="object" struct-name="db.mgmt.Driver" key="driver">com.mysql.rdbms.mysql.driver.native</link>
      <value type="string" key="hostIdentifier">Mysql@localhost:3306</value>
      <value type="int" key="isDefault">1</value>
      <value _ptr_="000002DADD954C20" type="dict" key="modules"/>
      <value _ptr_="000002DADD954E00" type="dict" key="parameterValues">
        <value type="string" key=""></value>
        <value type="string" key="SQL_MODE"></value>
        <value type="string" key="hostName">localhost</value>
        <value type="int" key="lastConnected">1600771044</value>
        <value type="string" key="password"></value>
        <value type="int" key="port">3306</value>
        <value type="string" key="schema">e-club</value>
        <value type="string" key="serverVersion">8.0.21</value>
        <value type="string" key="sslCA"></value>
        <value type="string" key="sslCert"></value>
        <value type="string" key="sslCipher"></value>
        <value type="string" key="sslKey"></value>
        <value type="int" key="useSSL">1</value>
        <value type="string" key="userName">root</value>
      </value>
      <value type="string" key="name">Local instance MySQL80</value>
      <link type="object" struct-name="GrtObject" key="owner">{F36351A1-54E6-48E6-87E9-2DA36B9E7476}</link>
    </value>
  </value>
</data>
