<?xml version="1.0"?>
<data grt_format="2.0">
  <value _ptr_="000002DAD7BD5F30" type="list" content-type="object" content-struct-name="db.mgmt.ServerInstance">
    <value type="object" struct-name="db.mgmt.ServerInstance" id="{9B444A44-0E3C-4BE4-ABDE-D5219FF5A2F1}" struct-checksum="0x367436e2">
      <link type="object" struct-name="db.mgmt.Connection" key="connection">{C6338D1A-2A0E-4C3E-A136-7472A74EC33A}</link>
      <value _ptr_="000002DADD955C40" type="dict" key="loginInfo">
        <value type="string" key="wmi.hostName"></value>
        <value type="string" key="wmi.userName"></value>
      </value>
      <value _ptr_="000002DADD954C80" type="dict" key="serverInfo">
        <value type="int" key="setupPending">0</value>
        <value type="string" key="sys.config.path">C:\ProgramData\MySQL\MySQL Server 8.0\my.ini</value>
        <value type="int" key="sys.config.path.lock">1</value>
        <value type="string" key="sys.config.section">mysqld</value>
        <value type="string" key="sys.mysqld.service_name">MySQL80</value>
        <value type="string" key="sys.preset">Custom</value>
        <value type="string" key="sys.sudo"></value>
        <value type="string" key="sys.system">Windows</value>
        <value type="int" key="windowsAdmin">1</value>
      </value>
      <value type="string" key="name">Local MySQL80</value>
    </value>
    <value type="object" struct-name="db.mgmt.ServerInstance" id="{8305D606-B07B-4F16-9504-DF90830A154E}" struct-checksum="0x367436e2">
      <link type="object" struct-name="db.mgmt.Connection" key="connection">{FE9F6701-DE0A-49B1-8E24-A44473F10FA4}</link>
      <value _ptr_="000002DB66C3CDD0" type="dict" key="loginInfo">
        <value type="string" key="ssh.hostName"></value>
        <value type="string" key="ssh.key">C:\Users\lalit\AppData\Roaming/.ssh/ssh_private_key</value>
        <value type="string" key="ssh.localPort">3306</value>
        <value type="int" key="ssh.useKey">0</value>
        <value type="string" key="ssh.userName">mysql</value>
      </value>
      <value _ptr_="000002DB66C3DF70" type="dict" key="serverInfo">
        <value type="string" key="serverVersion">8.0</value>
        <value type="int" key="setupPending">1</value>
        <value type="string" key="sys.config.path">%ProgramData%\MySQL\MySQL Server 8.0\my.ini</value>
        <value type="string" key="sys.config.section">mysqld</value>
        <value type="string" key="sys.mysqld.service_name">MySQL80</value>
        <value type="string" key="sys.mysqld.start">sc start mysql</value>
        <value type="string" key="sys.mysqld.stop">sc stop mysql</value>
        <value type="string" key="sys.system">Windows</value>
        <value type="int" key="sys.usesudo">1</value>
        <value type="int" key="windowsAdmin">1</value>
      </value>
      <value type="string" key="name"></value>
      <link type="object" struct-name="GrtObject" key="owner">{F36351A1-54E6-48E6-87E9-2DA36B9E7476}</link>
    </value>
  </value>
</data>
